{"load": 0.0, "temperature": 1, "timestamp": 1489682716.157034, "voltage": 12.3, "position": 511, "speed": 0}
{"load": 0.0, "temperature": 2, "timestamp": 1489682716.190379, "voltage": 12.3, "position": 511, "speed": 0}
{"load": 0.0, "temperature": 3, "timestamp": 1489682716.223664, "voltage": 12.3, "position": 511, "speed": 0}